Request ID,Date,Lumen URL,Copyright owner ID,Copyright owner name,Reporting organization ID,Reporting organization name,URLs removed,URLs for which we took no action,URLs pending review,From Abuser
3058815,2016-01-26T11:06:03Z,http://lumendatabase.org/notices/11759011,54113,Thieme Publishers Stuttgart,9911,Link-Busters.com,29,6,0,false
1034818,2014-02-21T10:57:27Z,http://www.chillingeffects.org/notice.cgi?sID=1509010,48222,Native State Records,4300,RipBlock Anti Piracy,3,0,0,false
3706048,2016-07-26T01:40:01Z,https://lumendatabase.org/notices/12714287,71414,Underwriters Laboratories,13802,Digimarc,70,0,0,false
1544747,2014-10-07T17:33:06Z,http://www.chillingeffects.org/notices/10003333,29483,MVL Film Finance LLC,7667,Walt Disney Company,3,0,0,false
3846570,2016-09-05T11:34:45Z,https://lumendatabase.org/notices/12970530,153060,APDIF do Brasil Member Companies,18634,APDIF do Brasil,7424,0,0,false
984389,2014-01-24T16:08:31Z,http://www.chillingeffects.org/notice.cgi?sID=1449081,56239,"Cocobolo Software, LLC",34335,"Cocobolo Software, LLC",5,2,0,false
558623,2013-04-08T13:03:28Z,http://www.chillingeffects.org/notice.cgi?sID=883713,22225,Fox,10070,Fox Group Legal,6425,3575,0,false
3167282,2016-02-25T11:22:12Z,http://lumendatabase.org/notices/11882144,37534,Metropolitan,42234,rivendell,9378,17,0,false
2947291,2015-12-24T13:53:20Z,http://lumendatabase.org/notices/11640701,161082,موقع اجتماعي,130988,موقع اجتماعي,0,1,0,false
419026,2012-11-03T14:13:48Z,http://www.chillingeffects.org/notice.cgi?sID=666505,22818,BPI (British Recorded Music Industry) Ltd,1847,BPI (British Recorded Music Industry) Ltd,19,0,0,false
3873408,2016-09-16T02:07:08Z,https://lumendatabase.org/notices/13016953,27339,Frontiers Records,7801,MUSO.com Anti-piracy,1862,15,0,false
891282,2013-11-26T17:07:23Z,http://www.chillingeffects.org/notice.cgi?sID=1328547,37033,Southern Fried Records,11836,AudioLock.NET,3,0,0,false
3752268,2016-08-09T07:03:53Z,https://lumendatabase.org/notices/12829420,46936,A24 Films,199,MarkMonitor AntiPiracy,143,135,0,false
3783008,2016-08-16T14:42:42Z,https://lumendatabase.org/notices/12870526,49138,Loopmasters,9911,Link-Busters.com,69,63,0,false
497148,2013-02-06T14:51:28Z,http://www.chillingeffects.org/notice.cgi?sID=793117,42344,舟川尚輝,8719,,15,0,0,false
3131537,2016-02-16T01:11:20Z,http://lumendatabase.org/notices/11843789,61182,Essential Distribution,7801,MUSO.com Anti-piracy,973,19,0,false
3882411,2016-09-18T03:15:16Z,https://lumendatabase.org/notices/13031229,162161,Lillian Moore,136373,Mermaid Studios,6,0,0,false
3030799,2016-01-19T13:15:29Z,http://lumendatabase.org/notices/11733401,53912,TBA AG  Phonag Records AG,9911,Link-Busters.com,39,0,0,false
367121,2012-10-03T15:09:01Z,http://www.chillingeffects.org/notice.cgi?sID=604536,36147,GGCash,787,Degban Ltd,2,0,0,false
166320,2012-03-13T17:43:53Z,http://www.chillingeffects.org/notice.cgi?sID=242577,22818,BPI (British Recorded Music Industry) Ltd,1847,BPI (British Recorded Music Industry) Ltd,1,2,0,false
3408891,2016-05-02T17:12:23Z,http://lumendatabase.org/notices/12177239,151706,Macphun,44625,,17,0,0,false
171384,2012-05-24T21:19:25Z,http://www.chillingeffects.org/notice.cgi?sID=362782,36303,UNIVERSAL MUSIC GROUP,1847,BPI,111,0,0,false
2205655,2015-05-15T10:44:24Z,http://www.chillingeffects.org/notices/10772529,72718,Armada Music Label,11836,AudioLock.NET,41,0,0,false
1455359,2014-09-07T12:53:05Z,http://www.chillingeffects.org/notice.cgi?sID=2025442,68854,"Geego systems, Inc.",45784,"Geego systems, Inc.",0,3,0,false
1284535,2014-07-04T01:26:00Z,http://www.chillingeffects.org/notice.cgi?sID=1824474,34771,Claudia Gray,7801,MUSO.com Anti-piracy,18,0,0,false
689151,2013-07-24T13:52:02Z,http://www.chillingeffects.org/notice.cgi?sID=1077245,26705,"RIAA member companies (EMI Music North America, Sony Music Entertainment, Universal Music Group, Warner Music Group and their associated record labels)",1594,"Recording Industry Association of America, Inc.",5564,61,0,false
1688060,2014-11-28T04:47:22Z,http://www.chillingeffects.org/notices/10203171,37072,Swishcraft Music,11836,AudioLock.NET,2,0,0,false
2313680,2015-06-23T09:08:44Z,http://www.chillingeffects.org/notices/10891995,44074,Columbia University Press,13802,Digimarc,4,0,0,false
2723055,2015-10-22T08:51:02Z,http://www.chillingeffects.org/notices/11343231,78025,"La Femme Boutique, Inc.",51966,Counterfeit.Technology,10,0,0,false
3867467,2016-09-13T07:07:50Z,https://lumendatabase.org/notices/13001815,22611,"Dreamroom Productions, Inc.",44572,"Skywalker Digital, Ltd.",10015,292,0,false
19183,2012-01-15T08:47:28Z,http://www.chillingeffects.org/notice.cgi?sID=184024,37331,ワールドパセオ,2782,ワールドパセオ,1,0,0,false
2512751,2015-08-23T02:11:05Z,http://www.chillingeffects.org/notices/11111918,67118,Outburst Records,11836,AudioLock.NET,3,0,0,false
358435,2012-09-29T14:36:07Z,http://www.chillingeffects.org/notice.cgi?sID=595173,33100,SONY MUSIC ENTERTAINMENT,1847,BPI (British Recorded Music Industry) Ltd,18,7,0,false
3780125,2016-08-14T19:31:24Z,https://lumendatabase.org/notices/12862371,76274,NUCLEAR BLAST RECORDS,11836,AudioLock.NET,21,1,0,false
1723560,2014-12-10T05:32:01Z,http://www.chillingeffects.org/notices/10238875,26935,Blue Blood,224,Blue Blood,367,19,0,false
3812870,2016-08-25T10:25:03Z,https://lumendatabase.org/notices/12920511,170716,IT Governance Publishing,199,MarkMonitor AntiPiracy,11,0,0,false
1151055,2014-04-24T02:47:57Z,http://www.chillingeffects.org/notice.cgi?sID=1655667,58476,Electrocity,11836,AudioLock.NET,3,0,0,false
1682597,2014-11-25T19:01:03Z,http://www.chillingeffects.org/notices/10196725,70158,MG Premium Ltd,787,Degban,17199,391,0,false
174557,2012-05-27T22:51:50Z,http://www.chillingeffects.org/notice.cgi?sID=367427,22818,BPI (British Recorded Music Industry) Ltd,1847,BPI (British Recorded Music Industry) Ltd,1,0,0,false
1961339,2015-02-28T13:30:35Z,http://www.chillingeffects.org/notices/10506685,24280,VivThomas.com-Video Lda.,787,Degban,764,0,0,false
1731220,2014-12-12T13:02:57Z,http://www.chillingeffects.org/notices/10244854,65714,Penguin US,28460,Digimarc,1,12,0,false
1010807,2014-02-09T09:43:42Z,http://www.chillingeffects.org/notice.cgi?sID=1481781,39071,BPI LTD MEMBER COMPANIES,1847,BPI (British Recorded Music Industry) Ltd,584,59,0,false
2715385,2015-10-19T13:50:57Z,http://www.chillingeffects.org/notices/11332421,51454,Virtual Label LLC,7801,MUSO.com Anti-piracy,522,5,0,false
2298048,2015-06-17T13:08:13Z,http://www.chillingeffects.org/notices/10872274,29344,OWSLA,11836,AudioLock.NET,11,0,0,false
2392731,2015-07-17T16:35:44Z,http://www.chillingeffects.org/notices/10977024,68340,Comade Music,40594,Total Wipes Music Group,5,1,0,false
841796,2013-10-27T16:15:32Z,http://www.chillingeffects.org/notice.cgi?sID=1266893,41302,Hyperdub,11836,AudioLock.NET,60,0,0,false
1928484,2015-02-19T13:40:16Z,http://www.chillingeffects.org/notices/10471235,26320,Cr2 Records Ltd,11836,AudioLock.NET,60,4,0,false
1021375,2014-02-15T08:29:58Z,http://www.chillingeffects.org/notice.cgi?sID=1495450,26705,"RIAA member companies (EMI Music North America, Sony Music Entertainment, Universal Music Group, Warner Music Group and their associated record labels)",1594,"Recording Industry Association of America, Inc.",1177,9,0,false
1246859,2014-06-14T12:52:04Z,http://www.chillingeffects.org/notice.cgi?sID=1776237,34873,Entertainment One,7801,MUSO.com Anti-piracy,36,0,0,false
3326614,2016-04-10T09:29:52Z,http://lumendatabase.org/notices/12066164,22967,Armada Music,11836,AudioLock.NET,83,3,0,false
3909060,2016-09-27T04:31:07Z,https://lumendatabase.org/notices/13079932,34873,Entertainment One,7801,MUSO.com Anti-piracy,19,4,0,false
1056832,2014-03-06T02:38:26Z,http://www.chillingeffects.org/notice.cgi?sID=1537779,42718,Shueisha,13802,Digimarc,140,0,0,false
2806918,2015-11-16T06:24:54Z,http://lumendatabase.org/notices/11488278,70101,MG Content RK Limited,787,Degban,10944,202,0,false
1000693,2014-02-03T02:56:50Z,http://www.chillingeffects.org/notice.cgi?sID=1468063,33439,Pure Funk Records,11836,AudioLock.NET,1,0,0,false
3591027,2016-06-23T11:40:59Z,https://lumendatabase.org/notices/12509110,26068,"Home Box Office, Inc.",17947,IP-Echelon Pty Ltd,536,6,0,false
1894541,2015-02-10T12:15:37Z,http://www.chillingeffects.org/notices/10434520,56718,Psycollective LLC,11836,AudioLock.NET,3,0,0,false
2062537,2015-04-02T12:38:40Z,http://www.chillingeffects.org/notices/10619971,66358,Thomas Sabo GmbH & Co. KG,43429,Thomas Sabo GmbH & Co. KG,6,0,0,false
3675950,2016-07-16T08:04:58Z,https://lumendatabase.org/notices/12659076,39071,BPI LTD MEMBER COMPANIES,1847,BPI (British Recorded Music Industry) Ltd,2312,28,0,false
189333,2012-06-06T11:46:53Z,http://www.chillingeffects.org/notice.cgi?sID=384108,22818,BPI (British Recorded Music Industry) Ltd,1847,BPI (British Recorded Music Industry) Ltd,1,0,0,false
3587039,2016-06-20T09:31:49Z,https://lumendatabase.org/notices/12489226,75632,Sony Music Entertainment Germany GmbH,66523,proMedia,10,0,0,false
2037035,2015-03-24T12:28:38Z,http://www.chillingeffects.org/notices/10591048,77771,Infacted,53464,proMedia,5,0,0,false
3570925,2016-06-15T10:12:00Z,https://lumendatabase.org/notices/12456118,43141,Warner Music Group Germany Holding GmbH,101618,proMedia,20,0,0,false
967619,2014-01-13T21:13:25Z,http://www.chillingeffects.org/notice.cgi?sID=1426066,55838,Deandev,33939,Deandev,0,2,0,false
1016619,2014-02-12T08:29:41Z,http://www.chillingeffects.org/notice.cgi?sID=1488243,36612,Project Sam,9911,Link-Busters.com,103,5,0,false
454189,2012-12-15T17:50:26Z,http://www.chillingeffects.org/notice.cgi?sID=719638,22627,Drumpoet Community,11836,AudioLock.NET,94,182,0,false
2885970,2015-12-07T18:07:11Z,http://lumendatabase.org/notices/11573533,158273,"American Ultra, LLC",36488,Marketly llc,10,0,0,false
1129338,2014-04-11T13:37:58Z,http://www.chillingeffects.org/notice.cgi?sID=1626341,49411,Suara,17708,Topple Track,13,0,0,false
1043212,2014-02-27T04:10:02Z,http://www.chillingeffects.org/notice.cgi?sID=1520844,27846,Pyro Records,17708,Topple Track,31,1,0,false
1139859,2014-04-17T23:46:16Z,http://www.chillingeffects.org/notice.cgi?sID=1642116,60875,On-U Sound Records & Music Ltd.,11836,AudioLock.NET,1,0,0,false
1888249,2015-02-09T00:47:13Z,http://www.chillingeffects.org/notices/10427758,38536,Freaky Empire,1620,Takedown Piracy LLC,212,1,0,false
330033,2012-09-16T22:39:19Z,http://www.chillingeffects.org/notice.cgi?sID=563561,28386,James Travers,576,,1,0,0,false
3913306,2016-09-28T12:46:14Z,https://lumendatabase.org/notices/13088115,35175,"Pearson Education, Inc.",199,MarkMonitor AntiPiracy,59,1,0,false
724904,2013-08-16T19:08:24Z,http://www.chillingeffects.org/notice.cgi?sID=1121401,39684,Hysteria,11836,AudioLock.NET,9,0,0,false
3231973,2016-03-14T20:03:22Z,http://lumendatabase.org/notices/11954946,39071,BPI LTD MEMBER COMPANIES,1847,BPI (British Recorded Music Industry) Ltd,993,0,0,false
3761916,2016-08-11T13:26:37Z,https://lumendatabase.org/notices/12845794,83204,Cash Motto Limited,11836,AudioLock.NET,12,0,0,false
1798661,2015-01-08T13:50:47Z,http://www.chillingeffects.org/notices/10330275,75155,"Justin Alexander Bridal, Inc., LLC",51287,"Justin Alexander Bridal, Inc., LLC",6,11,0,false
3764604,2016-08-11T13:23:52Z,https://lumendatabase.org/notices/12845215,158446,EMPIRE,7801,MUSO.com Anti-piracy,689,12,0,false
3788316,2016-08-18T15:43:00Z,https://lumendatabase.org/notices/12884083,177414,Herb Alpert Presents,11836,AudioLock.NET,1,0,0,false
1615100,2014-10-31T11:44:43Z,http://www.chillingeffects.org/notices/10075333,71605,Luigi Masi under exclusive license to W8,11836,AudioLock.NET,1,0,0,false
2050010,2015-03-29T17:51:11Z,http://www.chillingeffects.org/notices/10606606,45184,Get Twisted Records,11836,AudioLock.NET,51,0,0,false
1009035,2014-02-07T18:03:26Z,http://www.chillingeffects.org/notice.cgi?sID=1478743,26940,Ministry of Sound,11836,AudioLock.NET,63,4,0,false
3176414,2016-02-28T03:30:09Z,http://lumendatabase.org/notices/11893786,34219,Xtra Mile,121752,proMedia,10,0,0,false
1382900,2014-08-14T06:03:45Z,http://www.chillingeffects.org/notice.cgi?sID=1945481,22356,Esen Elektronik San.,436,Esen Elektronik San.,84,69,0,false
3922069,2016-09-30T17:44:04Z,https://lumendatabase.org/notices/13103582,79257,"Terry Costa, Inc.",51966,Counterfeit.Technology,3,0,7,false
1805149,2015-01-12T23:11:14Z,http://www.chillingeffects.org/notices/10340114,69094,"Allure Bridals, Inc",45928,"Allure Bridals, Inc",0,10,0,false
1181544,2014-05-08T10:22:03Z,http://www.chillingeffects.org/notice.cgi?sID=1689957,25265,Froytal Services Ltd,787,Degban,5,0,0,false
1846972,2015-01-28T23:42:29Z,http://www.chillingeffects.org/notices/10383348,31072,Kensington Publishing,28460,Digimarc,13,0,0,false
2627361,2015-09-24T07:09:26Z,http://www.chillingeffects.org/notices/11236066,35287,"EENT, Inc",244,Removeyourcontent LLC,51,2,0,false
3463369,2016-05-17T11:25:39Z,http://lumendatabase.org/notices/12267884,67426,Armada Trice,11836,AudioLock.NET,22,2,0,false
2408097,2015-07-22T10:25:21Z,http://www.chillingeffects.org/notices/10992661,23041,AVA Recordings,11836,AudioLock.NET,91,0,0,false
665893,2013-07-08T14:50:27Z,http://www.chillingeffects.org/notice.cgi?sID=1047268,23469,Stereo Flava Records,11836,AudioLock.NET,15,0,0,false
3693643,2016-07-21T13:31:54Z,https://lumendatabase.org/notices/12686348,173128,Stephen O'Malley Music,7801,MUSO.com Anti-piracy,4,0,0,false
417605,2012-11-02T18:45:49Z,http://www.chillingeffects.org/notice.cgi?sID=665595,33916,UNIVERSAL MUSIC LTD,1847,BPI (British Recorded Music Industry) Ltd,2,42,0,false
172631,2012-05-25T20:37:11Z,http://www.chillingeffects.org/notice.cgi?sID=364539,22818,BPI (British Recorded Music Industry) Ltd,1847,BPI (British Recorded Music Industry) Ltd,2,0,0,false
3426620,2016-05-07T14:51:14Z,http://lumendatabase.org/notices/12202234,25370,Anjunadeep,11836,AudioLock.NET,45,0,0,false
3743314,2016-08-05T12:33:46Z,https://lumendatabase.org/notices/12810116,36409,BREIN Participant,11759,Stichting BREIN,343,11,0,false
2732050,2015-10-24T00:47:40Z,http://www.chillingeffects.org/notices/11350118,70158,MG Premium Ltd,787,Degban,14829,1,0,false
3855360,2016-09-08T10:57:57Z,https://lumendatabase.org/notices/12983945,153060,APDIF do Brasil Member Companies,18634,APDIF do Brasil,7424,0,0,false
3527407,2016-06-04T22:10:31Z,https://lumendatabase.org/notices/12387832,26083,Ultra Records,11836,AudioLock.NET,57,0,0,false
971217,2014-01-16T09:14:59Z,http://www.chillingeffects.org/notice.cgi?sID=1431247,46862,Ministry Of Sound Australia Pty Ltd,11836,AudioLock.NET,1,0,0,false
1360179,2014-08-05T19:33:07Z,http://www.chillingeffects.org/notice.cgi?sID=1918297,56054,"Disney Enterprises, Inc.",7667,Walt Disney Company,25,0,0,false
2183820,2015-05-07T15:22:49Z,http://www.chillingeffects.org/notices/10746377,39663,Ram Records,11836,AudioLock.NET,42,0,0,false
434098,2012-11-18T15:21:08Z,http://www.chillingeffects.org/notice.cgi?sID=686645,26705,"RIAA member companies (EMI Music North America, Sony Music Entertainment, Universal Music Group, Warner Music Group and their associated record labels)",1594,"Recording Industry Association of America, Inc.",2954,2,0,false
2779492,2015-11-08T23:16:23Z,http://lumendatabase.org/notices/11461396,25370,Anjunadeep,11836,AudioLock.NET,31,0,0,false
3287148,2016-03-30T21:26:18Z,http://lumendatabase.org/notices/12014526,65545,Mon Cheri LLC,51966,Counterfeit.Technology,10,0,0,false
324185,2012-09-13T07:59:49Z,http://www.chillingeffects.org/notice.cgi?sID=557446,25265,Froytal Services Ltd,787,Degban,203,4,0,false
2907202,2015-12-13T15:43:56Z,http://lumendatabase.org/notices/11598045,25372,Mute,11836,AudioLock.NET,17,0,0,false
527431,2013-03-07T15:10:14Z,http://www.chillingeffects.org/notice.cgi?sID=835142,22225,Fox,10070,Fox Group Legal,5714,4286,0,false
2854497,2015-11-29T15:23:03Z,http://lumendatabase.org/notices/11540725,48346,Sony Pictures Television Inc.,13597,Entura International LTD,19,2,0,false
2701750,2015-10-15T12:51:14Z,http://www.chillingeffects.org/notices/11317711,58108,Fortissimo Films,7801,MUSO.com Anti-piracy,11,0,0,false
3268282,2016-03-25T09:05:18Z,http://lumendatabase.org/notices/11993319,25964,SCPP,42234,rivendell,8564,1101,0,false
2956609,2015-12-28T01:17:37Z,http://lumendatabase.org/notices/11652136,64636,Fedele Publishing,7801,MUSO.com Anti-piracy,10,0,0,false
2018982,2015-03-19T04:15:04Z,http://www.chillingeffects.org/notices/10572532,69094,"Allure Bridals, Inc",51966,Counterfeit.Technology,10,0,0,false
3220380,2016-03-10T14:29:50Z,http://lumendatabase.org/notices/11940331,70266,Marti Pellow Records,11836,AudioLock.NET,1,0,0,false
36098,2012-04-15T09:36:39Z,http://www.chillingeffects.org/notice.cgi?sID=286628,22818,BPI (British Recorded Music Industry) Ltd,1847,BPI (British Recorded Music Industry) Ltd,1,0,0,false
2529725,2015-08-26T14:33:41Z,http://www.chillingeffects.org/notices/11127986,25370,Anjunadeep,11836,AudioLock.NET,39,0,0,false
1613048,2014-10-31T19:34:48Z,http://www.chillingeffects.org/notices/10076379,52606,Nightmare records,11836,AudioLock.NET,4,0,0,false
1334869,2014-07-25T22:44:07Z,http://www.chillingeffects.org/notice.cgi?sID=1886183,23432,UTV Software Communications Ltd.,7667,Walt Disney Company,646,4,0,false
2730510,2015-10-24T08:09:49Z,http://www.chillingeffects.org/notices/11351311,39071,BPI LTD MEMBER COMPANIES,1847,BPI (British Recorded Music Industry) Ltd,3730,0,0,false
2444973,2015-08-03T11:43:23Z,http://www.chillingeffects.org/notices/11035048,65378,The MIT Press,9911,Link-Busters.com,145,9,0,false
3830174,2016-08-30T20:45:07Z,https://lumendatabase.org/notices/12945192,59128,UltraViolet Music,11836,AudioLock.NET,28,0,0,false
2041168,2015-03-25T22:33:20Z,http://www.chillingeffects.org/notices/10595253,56054,"Disney Enterprises, Inc.",7667,Walt Disney Company,997,0,0,false
1076805,2014-03-16T17:35:24Z,http://www.chillingeffects.org/notice.cgi?sID=1562535,37801,Guesthouse Music,11836,AudioLock.NET,3,0,0,false
1214897,2014-05-27T23:37:15Z,http://www.chillingeffects.org/notice.cgi?sID=1734790,62552,Blueprint Media B.V.,9911,Link-Busters.com,27,0,0,false
3613429,2016-06-27T14:41:11Z,https://lumendatabase.org/notices/12536844,86313,APDIF Mexico Member Companies,21937,APDIF - Mexico,139,1,0,false
2360479,2015-07-08T09:08:22Z,http://www.chillingeffects.org/notices/10943911,53912,TBA AG  Phonag Records AG,9911,Link-Busters.com,21,22,0,false
3858061,2016-09-10T00:10:38Z,https://lumendatabase.org/notices/12991550,39071,BPI LTD MEMBER COMPANIES,1847,BPI (British Recorded Music Industry) Ltd,1995,6,1,false
2435916,2015-08-01T04:39:21Z,http://www.chillingeffects.org/notices/11027134,86256,Terri Anne Browning Author,7801,MUSO.com Anti-piracy,1,12,0,false
251064,2012-07-15T18:35:54Z,http://www.chillingeffects.org/notice.cgi?sID=458982,24114,DDF Productions Ltd.,787,Degban Ltd,9,0,0,false
76613,2011-11-22T23:56:44Z,http://www.chillingeffects.org/notice.cgi?sID=153306,33916,Universal Music Ltd,1847,BPI (British Recorded Music Industry) Ltd,71,29,0,false
1757201,2014-12-21T23:52:51Z,http://www.chillingeffects.org/notices/10273103,50738,Global Productions GmbH,9911,Link-Busters.com,468,1161,0,false
2350935,2015-07-04T13:35:05Z,http://www.chillingeffects.org/notices/10932089,76521,Canary Dwarf,11836,AudioLock.NET,62,4,0,false
594858,2013-05-13T12:37:27Z,http://www.chillingeffects.org/notice.cgi?sID=947387,29525,Future Sound of Egypt,11836,AudioLock.NET,13,0,0,false
287502,2012-08-14T17:42:26Z,http://www.chillingeffects.org/notice.cgi?sID=510110,32047,Intellectual Property Promotion Association,787,Degban Ltd,1,0,0,false
1684450,2014-11-26T13:08:03Z,http://www.chillingeffects.org/notices/10198469,72775,Monnom Black,7801,MUSO.com Anti-piracy,1,0,0,false
2409038,2015-07-23T07:23:52Z,http://www.chillingeffects.org/notices/10995654,59387,SPPF,42234,rivendell,43,0,0,false
1420818,2014-08-27T08:36:18Z,http://www.chillingeffects.org/notice.cgi?sID=1989531,24217,Sample Magic,4300,RipBlock Anti Piracy,8,3,0,false
2864417,2015-12-02T13:40:57Z,http://lumendatabase.org/notices/11552661,23371,Worldbeats Ltd,7801,MUSO.com Anti-piracy,29,1,0,false
775453,2013-09-13T18:54:14Z,http://www.chillingeffects.org/notice.cgi?sID=1179562,37199,XFC Inc.,787,Degban Ltd,149,0,0,false
2918107,2015-12-16T12:04:21Z,http://lumendatabase.org/notices/11610392,153376,"Emma Da Vinci Bridal, Inc.",51966,Counterfeit.Technology,84,0,0,false
283869,2012-08-12T03:28:04Z,http://www.chillingeffects.org/notice.cgi?sID=507125,41897,Tom Byron Pictures,1620,Takedown Piracy LLC,467,85,0,false
2061542,2015-04-01T19:50:52Z,http://www.chillingeffects.org/notices/10617914,64075,Quentin Volant,41376,,7,0,0,false
2428874,2015-07-29T16:02:49Z,http://www.chillingeffects.org/notices/11017964,82372,Tourean,11836,AudioLock.NET,5,0,0,false
2443337,2015-08-03T00:02:28Z,http://www.chillingeffects.org/notices/11033077,39071,BPI LTD MEMBER COMPANIES,1847,BPI (British Recorded Music Industry) Ltd,1277,86,0,false
457292,2012-12-20T06:21:07Z,http://www.chillingeffects.org/notice.cgi?sID=726509,35920,Mag Pictures,787,Degban Ltd,159,0,0,false
421111,2012-11-05T20:34:45Z,http://www.chillingeffects.org/notice.cgi?sID=670380,39071,BPI LTD MEMBER COMPANIES,1847,BPI (British Recorded Music Industry) Ltd,66,40,0,false
2910660,2015-12-14T17:48:42Z,http://lumendatabase.org/notices/11601852,49947,Be Yourself Music BV,9911,Link-Busters.com,7,4,0,false
3165876,2016-02-24T13:31:02Z,http://lumendatabase.org/notices/11878113,74828,Blackstone Audio and Blackstone Audiobooks,8237,DMCA Force,61,0,0,false
3469508,2016-05-20T08:47:26Z,https://lumendatabase.org/notices/12290888,36925,Armind,11836,AudioLock.NET,52,0,0,false
2345444,2015-07-02T15:17:10Z,http://www.chillingeffects.org/notices/10926693,66295,LennarDigital,9911,Link-Busters.com,9,0,0,false
2139040,2015-04-25T00:30:11Z,http://www.chillingeffects.org/notices/10701318,32539,Video X Pix,1620,Takedown Piracy LLC,2423,79,0,false
1114777,2014-04-04T18:21:33Z,http://www.chillingeffects.org/notice.cgi?sID=1609885,33839,Touchstone Recordings,11836,AudioLock.NET,4,0,0,false
3507103,2016-05-29T09:09:02Z,https://lumendatabase.org/notices/12351139,31298,Captivating Sounds,11836,AudioLock.NET,41,0,0,false
3053846,2016-01-26T08:05:26Z,http://lumendatabase.org/notices/11758467,39071,BPI LTD MEMBER COMPANIES,1847,BPI (British Recorded Music Industry) Ltd,123,0,0,false
793002,2013-09-27T21:16:54Z,http://www.chillingeffects.org/notice.cgi?sID=1206531,37080,"DMM.com Labo, Ltd.",12322,"Unidam, Inc.",786,8,0,false
2194450,2015-05-11T11:06:39Z,http://www.chillingeffects.org/notices/10757840,30363,Rum Bum Records,11836,AudioLock.NET,8,0,0,false
2631545,2015-09-25T01:34:40Z,http://www.chillingeffects.org/notices/11239730,155641,Công ty CP Thương mại & Xuất nhập khẩu Hưng Thắng,125974,Công ty CP Thương mại & Xuất nhập khẩu Hưng Thắng,1,0,0,false
1888492,2015-02-08T14:06:47Z,http://www.chillingeffects.org/notices/10426416,57188,ApartmentSixtyThree,11836,AudioLock.NET,3,0,0,false
1216184,2014-05-28T10:54:34Z,http://www.chillingeffects.org/notice.cgi?sID=1735794,59387,SPPF,11086,LeakID,507,35,0,false
1404104,2014-08-21T03:14:15Z,http://www.chillingeffects.org/notice.cgi?sID=1967918,36124,Colbette Holdings Limited,787,Degban Ltd,4,0,0,false
2425306,2015-07-29T00:54:52Z,http://www.chillingeffects.org/notices/11015235,152109,Nasty Cat,17708,Topple Track,1,0,0,false
1959250,2015-02-28T08:51:44Z,http://www.chillingeffects.org/notices/10505538,53633,Hypercolour,11836,AudioLock.NET,184,0,0,false
152703,2011-11-28T22:32:46Z,http://www.chillingeffects.org/notice.cgi?sID=156223,31906,"Intersec Interactive, Inc.",23503,Armovore,142,2,0,true
2634316,2015-09-25T18:04:04Z,http://www.chillingeffects.org/notices/11242269,84455,Associação Antipirataria Cinema e Musica Member Companies,18634,APDIF do Brasil,55,858,0,false
1538656,2014-10-05T09:07:51Z,http://www.chillingeffects.org/notice.cgi?sID=2121036,67078,Spinnin' Remixes,11836,AudioLock.NET,12,0,0,false
3029993,2016-01-18T15:02:33Z,http://lumendatabase.org/notices/11729593,34071,IFPI,41194,IFPI,4,3,0,false
795339,2013-09-30T13:19:19Z,http://www.chillingeffects.org/notice.cgi?sID=1210842,48853,Mister Smith Entertainment,7801,MUSO.com Anti-piracy,107,0,0,false
1851651,2015-01-30T12:12:50Z,http://www.chillingeffects.org/notices/10389685,45768,Cadence Recordings,11836,AudioLock.NET,54,0,0,false
3118497,2016-02-11T10:00:04Z,http://lumendatabase.org/notices/11825275,39663,Ram Records,11836,AudioLock.NET,13,0,0,false
1824153,2015-01-19T10:42:51Z,http://www.chillingeffects.org/notices/10356857,43603,APDIF - Mexico,21937,APCM Mexico,0,284,0,false
3899004,2016-09-23T14:41:57Z,https://lumendatabase.org/notices/13063495,82418,House Anxiety / Marathon Artists,11836,AudioLock.NET,1,0,0,false
2106486,2015-04-14T10:37:02Z,http://www.chillingeffects.org/notices/10661568,33916,Universal Music Ltd,13056,CAPIF,261,110,0,false
1281068,2014-07-02T12:56:48Z,http://www.chillingeffects.org/notice.cgi?sID=1820054,64477,Stowarzyszenie Filmowców Polskich,24937,Anti-Piracy Protection,1,0,0,false
3740458,2016-08-04T12:05:30Z,https://lumendatabase.org/notices/12802856,39071,BPI LTD MEMBER COMPANIES,1847,BPI (British Recorded Music Industry) Ltd,2162,0,0,false
1898238,2015-02-13T01:42:33Z,http://www.chillingeffects.org/notices/10445325,38291,Self Employed,7801,MUSO.com Anti-piracy,19,32,0,false
2663611,2015-10-05T08:33:02Z,http://www.chillingeffects.org/notices/11277959,46061,Lowbit,11836,AudioLock.NET,2,0,0,false
2944567,2015-12-23T20:40:59Z,http://lumendatabase.org/notices/11638587,158968,Paradis FIlms,29630,CoPeerRight Agency,10,0,0,false
1979425,2015-03-05T14:40:12Z,http://www.chillingeffects.org/notices/10526647,73592,Universal Music GmbH,52460,proMedia,19,2,0,false
1301026,2014-07-11T06:20:27Z,http://www.chillingeffects.org/notice.cgi?sID=1844451,65649,山本竜児,42785,,7,1,0,false
2851068,2015-11-28T20:10:18Z,http://lumendatabase.org/notices/11538308,65545,Mon Cheri LLC,51966,Counterfeit.Technology,13,0,0,false
1835993,2015-01-24T10:52:10Z,http://www.chillingeffects.org/notices/10369614,68347,Banging Grooves,40594,Total Wipes Music Group,1,0,0,false
3050917,2016-01-25T14:34:16Z,http://lumendatabase.org/notices/11756289,84371,"Alyce Designs, Inc.",51966,Counterfeit.Technology,10,0,0,false
1519034,2014-09-29T07:55:04Z,http://www.chillingeffects.org/notice.cgi?sID=2100559,48696,Gruuv,11836,AudioLock.NET,5,0,0,false
137053,2012-03-08T19:10:23Z,http://www.chillingeffects.org/notice.cgi?sID=237041,40786,Orrange / B&C Sales,787,Degban Ltd,5,0,0,false
3069981,2016-01-29T20:40:59Z,http://lumendatabase.org/notices/11774875,75199,Topshelf Records,121710,proMedia,7,0,0,false
3159980,2016-02-23T13:04:53Z,http://lumendatabase.org/notices/11874417,39071,BPI LTD MEMBER COMPANIES,1847,BPI (British Recorded Music Industry) Ltd,1923,8,0,false
2767662,2015-11-04T07:50:32Z,http://lumendatabase.org/notices/11438224,78025,"La Femme Boutique, Inc.",51966,Counterfeit.Technology,124,1,0,false
3614676,2016-06-28T08:59:31Z,https://lumendatabase.org/notices/12542981,83892,SOURCE,11836,AudioLock.NET,39,0,0,false
2201547,2015-05-14T06:32:08Z,http://www.chillingeffects.org/notices/10767722,77228,Leap Media,53199,leap media,1,0,0,false
2978501,2016-01-04T17:47:08Z,http://lumendatabase.org/notices/11678870,51800,Medschool,11836,AudioLock.NET,27,0,0,false
2532615,2015-09-06T17:41:21Z,http://www.chillingeffects.org/notices/11171434,33335,Spinnin' Records,11836,AudioLock.NET,31,0,0,false
332731,2012-09-18T08:46:36Z,http://www.chillingeffects.org/notice.cgi?sID=566312,30342,"CA Co., Ltd.",787,Degban Ltd,1,0,0,false
1853131,2015-01-30T18:38:35Z,http://www.chillingeffects.org/notices/10391012,53269,Protocol Recordings BV,9911,Link-Busters.com,102,168,0,false
3381636,2016-04-25T22:57:13Z,http://lumendatabase.org/notices/12144866,170037,MST Entertainment Inc.,10990,"Piracy Stops Here, LLC",7105,21,0,false
1414808,2014-08-25T00:43:59Z,http://www.chillingeffects.org/notice.cgi?sID=1980207,32676,Viacom Media Networks,12924,Vobile Inc,65,55,0,false
1018804,2014-02-12T15:38:54Z,http://www.chillingeffects.org/notice.cgi?sID=1489193,57478,JEVUSKA,35376,JEVUSKA,0,1,0,false
3239947,2016-03-16T11:40:31Z,http://lumendatabase.org/notices/11962238,48890,Armada Music Bundles,11836,AudioLock.NET,56,0,0,false
875203,2013-11-16T23:21:23Z,http://www.chillingeffects.org/notice.cgi?sID=1308900,24078,Nocturnal Groove,11836,AudioLock.NET,3,0,0,false
1981584,2015-03-05T12:30:01Z,http://www.chillingeffects.org/notices/10526039,75752,Edel,53464,proMedia,2,0,0,false
1817499,2015-01-18T04:16:18Z,http://www.chillingeffects.org/notices/10353658,76064,裕美川田,52137,,1,0,0,false
665111,2013-07-08T05:23:22Z,http://www.chillingeffects.org/notice.cgi?sID=1046351,23785,Clymer Publications,13802,Attributor,3,0,0,false
2038757,2015-03-24T19:29:01Z,http://www.chillingeffects.org/notices/10591984,22611,"Dreamroom Productions, Inc.",8237,DMCA Force,7960,634,0,false
1589271,2014-10-22T16:47:53Z,http://www.chillingeffects.org/notices/10049520,60684,Condor Entertainment,48042,CoPeerRight Agency,7,0,0,false
3044685,2016-01-23T20:06:05Z,http://lumendatabase.org/notices/11748900,39071,BPI LTD MEMBER COMPANIES,1847,BPI (British Recorded Music Industry) Ltd,1085,0,0,false
765333,2013-09-13T01:03:37Z,http://www.chillingeffects.org/notice.cgi?sID=1177972,29149,Editis,26304,Attributor Corporation,4,0,0,false
2072650,2015-04-05T10:01:39Z,http://www.chillingeffects.org/notices/10628375,34767,Size Records,11836,AudioLock.NET,21,0,0,false
2922185,2015-12-18T08:18:33Z,http://lumendatabase.org/notices/11616467,58549,AMC Film Holdings,199,MarkMonitor AntiPiracy,4935,1490,0,false
1732530,2014-12-14T09:35:36Z,http://www.chillingeffects.org/notices/10250308,25370,Anjunadeep,11836,AudioLock.NET,96,0,0,false
2913427,2015-12-15T15:14:28Z,http://lumendatabase.org/notices/11606069,82027,Jordan Fashions Corp.,51966,Counterfeit.Technology,86,0,0,false
1378016,2014-08-12T06:53:15Z,http://www.chillingeffects.org/notice.cgi?sID=1937920,35287,"EENT, Inc",244,Removeyourcontent LLC,120,14,0,false
2058282,2015-04-01T15:29:02Z,http://www.chillingeffects.org/notices/10617547,24193,Black Hole Recordings,11836,AudioLock.NET,21,0,0,false
256602,2012-07-18T17:32:15Z,http://www.chillingeffects.org/notice.cgi?sID=465526,22818,BPI (British Recorded Music Industry) Ltd,1847,BPI (British Recorded Music Industry) Ltd,1,0,0,false
3143852,2016-02-18T15:02:53Z,http://lumendatabase.org/notices/11855612,27654,A State of Trance,11836,AudioLock.NET,17,0,0,false
2471844,2015-08-11T08:45:56Z,http://www.chillingeffects.org/notices/11064363,73527,Metropolis Music,11836,AudioLock.NET,2,0,0,false
499897,2013-02-07T09:24:13Z,http://www.chillingeffects.org/notice.cgi?sID=794177,27594,Cooking Vinyl Ltd,11836,AudioLock.NET,1,0,0,false
2923734,2015-12-18T22:26:28Z,http://lumendatabase.org/notices/11619938,72718,Armada Music Label,11836,AudioLock.NET,44,0,0,false
482522,2013-01-21T10:29:35Z,http://www.chillingeffects.org/notice.cgi?sID=771538,23469,Stereo Flava Records,11836,AudioLock.NET,0,1,0,false
3192234,2016-02-29T20:43:30Z,http://lumendatabase.org/notices/11900553,165757,Dinesh Gauba,135461,Today's Growth Consultants,0,1,0,false
325554,2012-09-13T13:26:15Z,http://www.chillingeffects.org/notice.cgi?sID=557831,41234,Distribution Select,1940,Police Du Net,23,1,0,false
780812,2013-09-24T12:50:57Z,http://www.chillingeffects.org/notice.cgi?sID=1199980,24240,TOOLROOM RECORDS,11836,AudioLock.NET,5,0,0,false
3387566,2016-04-26T15:53:53Z,http://lumendatabase.org/notices/12148289,27883,Beggars Group Digital Ltd,7801,MUSO.com Anti-piracy,90,4,0,false
1718253,2014-12-08T09:25:03Z,http://www.chillingeffects.org/notices/10233631,29558,森秀宣,19940,,0,20,0,false
3450579,2016-05-14T08:43:07Z,http://lumendatabase.org/notices/12244807,163861,Orchestral Tools,9911,Link-Busters.com,55,61,0,false
842418,2013-10-28T23:37:04Z,http://www.chillingeffects.org/notice.cgi?sID=1269670,39071,BPI LTD MEMBER COMPANIES,1847,BPI (British Recorded Music Industry) Ltd,418,957,0,false
3389691,2016-04-27T09:10:46Z,http://lumendatabase.org/notices/12151644,57450,Red Bull Records,11836,AudioLock.NET,50,0,0,false
1179002,2014-05-08T05:46:21Z,http://www.chillingeffects.org/notice.cgi?sID=1689372,25480,Protocol Recordings,11836,AudioLock.NET,41,0,0,false
965470,2014-01-11T15:07:40Z,http://www.chillingeffects.org/notice.cgi?sID=1421974,49138,Loopmasters,9911,Link-Busters.com,148,0,0,false
3761517,2016-08-11T07:33:18Z,https://lumendatabase.org/notices/12843565,73592,Universal Music GmbH,62134,proMedia,20,0,0,false
2565171,2015-09-04T15:39:47Z,http://www.chillingeffects.org/notices/11164222,60135,Rhodes Music,11836,AudioLock.NET,2,0,0,false
1476471,2014-09-15T13:08:16Z,http://www.chillingeffects.org/notice.cgi?sID=2052258,28094,Freda Lightfoot,7801,MUSO.com Anti-piracy,7,0,0,false
664454,2013-07-05T13:05:34Z,http://www.chillingeffects.org/notice.cgi?sID=1042580,34179,Eros International c/o Muso.com,7801,MUSO.com Anti-piracy,45,3,0,false
1199701,2014-05-19T15:56:04Z,http://www.chillingeffects.org/notice.cgi?sID=1715765,62724,色写,40078,色写,9,0,0,false
280560,2012-08-08T12:53:27Z,http://www.chillingeffects.org/notice.cgi?sID=500907,22818,BPI (British Recorded Music Industry) Ltd,1847,BPI (British Recorded Music Industry) Ltd,31,5,0,false
1139750,2014-04-18T05:25:35Z,http://www.chillingeffects.org/notice.cgi?sID=1642778,24222,Directech Inc,244,Removeyourcontent LLC,948,15,0,false
424786,2012-11-07T19:32:01Z,http://www.chillingeffects.org/notice.cgi?sID=673897,36124,Colbette Holdings Limited,787,Degban,0,83,0,false
3095445,2016-02-05T09:45:29Z,http://lumendatabase.org/notices/11800272,50319,Subculture,11836,AudioLock.NET,5,0,0,false
3009305,2016-01-12T13:53:33Z,http://lumendatabase.org/notices/11706356,28791,Reed Elsevier,13802,Digimarc,6,0,0,false
1227336,2014-06-03T22:23:51Z,http://www.chillingeffects.org/notice.cgi?sID=1751835,56809,Tundra Recordings,11836,AudioLock.NET,7,0,0,false
716862,2013-08-11T15:18:38Z,http://www.chillingeffects.org/notice.cgi?sID=1111076,25224,microsoft,11086,LEAKID,743,252,0,false
2642749,2015-09-28T13:38:31Z,http://www.chillingeffects.org/notices/11251851,25372,Mute,11836,AudioLock.NET,21,0,0,false
3622361,2016-07-01T04:53:45Z,https://lumendatabase.org/notices/12562443,38490,Simon & Schuster,13802,Digimarc,42,21,0,false
1963197,2015-02-28T17:39:41Z,http://www.chillingeffects.org/notices/10507415,65308,Beth Michele Luciano,8237,DMCA Force,4,0,0,false
3589428,2016-06-22T07:53:45Z,https://lumendatabase.org/notices/12499838,160029,Mass Appeal Records,7300,Digital Copyright Consultancy,13,1,0,false
643005,2013-06-22T08:32:42Z,http://www.chillingeffects.org/notice.cgi?sID=1017392,39071,BPI LTD MEMBER COMPANIES,1847,BPI (British Recorded Music Industry) Ltd,714,30,0,false
3087713,2016-02-04T02:22:32Z,http://lumendatabase.org/notices/11795641,78025,"La Femme Boutique, Inc.",51966,Counterfeit.Technology,90,0,0,false
1469222,2014-09-12T18:44:37Z,http://www.chillingeffects.org/notice.cgi?sID=2044070,32725,Rightstuf Inc,1504,Remove Your Media LLC,1489,26,0,false
2386922,2015-07-15T11:51:14Z,http://www.chillingeffects.org/notices/10968504,38452,Kidology,5901,Logikal ltd: Watch-Over The Anti-Piracy Service,1,0,0,false
3212253,2016-03-08T19:28:01Z,http://lumendatabase.org/notices/11932896,53009,Hot Damn Records,11836,AudioLock.NET,29,0,0,false
2740544,2015-10-27T07:31:10Z,http://www.chillingeffects.org/notices/11361668,65545,Mon Cheri LLC,51966,Counterfeit.Technology,20,0,0,false
1613247,2014-10-31T23:02:51Z,http://www.chillingeffects.org/notices/10076573,41302,Hyperdub,11836,AudioLock.NET,8,0,0,false
488278,2013-01-25T07:34:10Z,http://www.chillingeffects.org/notice.cgi?sID=776973,29344,OWSLA,11836,AudioLock.NET,24,0,0,false
1613990,2014-10-31T19:32:45Z,http://www.chillingeffects.org/notices/10076389,24109,Skint,11836,AudioLock.NET,3,0,0,false
608261,2013-05-25T15:37:50Z,http://www.chillingeffects.org/notice.cgi?sID=968024,34458,Random House,13802,Attributor,537,39,0,false
2536617,2015-09-02T21:21:21Z,http://www.chillingeffects.org/notices/11156923,70684,Peter Lawrie Winfield,11836,AudioLock.NET,1,0,0,false
1517714,2014-09-29T07:07:52Z,http://www.chillingeffects.org/notice.cgi?sID=2100289,24568,RECC LLC,244,Removeyourcontent LLC,111,0,0,false
1641282,2014-11-10T20:04:22Z,http://www.chillingeffects.org/notices/10103550,51800,Medschool,11836,AudioLock.NET,1,0,0,false
2250173,2015-06-01T18:16:51Z,http://www.chillingeffects.org/notices/10822712,62946,Yep Roc Records,11836,AudioLock.NET,1,0,0,false
1013926,2014-02-11T01:01:40Z,http://www.chillingeffects.org/notice.cgi?sID=1485332,56601,NGCI Group,11836,AudioLock.NET,1,0,0,false
3160916,2016-02-23T15:19:05Z,http://lumendatabase.org/notices/11875154,162403,"Bawn Media Group, Inc",17708,Topple Track,17,0,0,false
1523015,2014-09-30T13:45:18Z,http://www.chillingeffects.org/notice.cgi?sID=2105259,69705,Level One Records,40594,Total Wipes Music Group,3,0,0,false
3030804,2016-01-19T13:29:03Z,http://lumendatabase.org/notices/11733410,24114,DDF Productions Ltd.,17607,xTakedowns,7644,32,0,false
2812902,2015-11-18T08:57:03Z,http://lumendatabase.org/notices/11496549,30234,Kompakt,122535,Leak Delete,11,0,0,false
3559018,2016-06-12T12:28:45Z,https://lumendatabase.org/notices/12434753,58215,Stereo Productions Group,9911,Link-Busters.com,19,4,0,false
982156,2014-01-22T12:53:21Z,http://www.chillingeffects.org/notice.cgi?sID=1444450,53881,Definition,4300,RipBlock Anti Piracy,5,0,0,false
3662526,2016-07-13T00:40:08Z,https://lumendatabase.org/notices/12638940,150429,"DaniAngel, model for MyFreeCams.com",66758,Intelprophunt,0,1,0,false
3654634,2016-07-10T21:27:46Z,https://lumendatabase.org/notices/12625248,28675,Azuli,11836,AudioLock.NET,2,0,0,false
2282121,2015-06-12T16:01:43Z,http://www.chillingeffects.org/notices/10856266,36958,d:vision,11836,AudioLock.NET,4,0,0,false
3791293,2016-08-18T12:18:36Z,https://lumendatabase.org/notices/12883835,178310,Marty Evans,143108,Cam Model Protection,70,1,0,false
601958,2013-05-17T04:31:43Z,http://www.chillingeffects.org/notice.cgi?sID=954717,39071,BPI LTD MEMBER COMPANIES,1847,BPI (British Recorded Music Industry) Ltd,2624,1,0,false
2405413,2015-07-21T14:51:12Z,http://www.chillingeffects.org/notices/10989800,26705,"RIAA member companies (EMI Music North America, Sony Music Entertainment, Universal Music Group, Warner Music Group and their associated record labels)",1594,"Recording Industry Association of America, Inc.",8,0,0,false
3517113,2016-06-01T15:30:38Z,https://lumendatabase.org/notices/12368437,29236,"EDITORIAL PLANETA, SAU",9500,GRUPO PLANETA,78,1,0,false
3860681,2016-09-10T02:02:28Z,https://lumendatabase.org/notices/12991446,178283,Season of Mist Underground Activists,11836,AudioLock.NET,0,1,0,false
1502899,2014-09-23T12:52:01Z,http://www.chillingeffects.org/notice.cgi?sID=2079927,36151,GForce Software Ltd,7801,MUSO.com Anti-piracy,2,0,0,false
1824274,2015-01-20T01:40:11Z,http://www.chillingeffects.org/notices/10358534,65714,Penguin US,28460,Digimarc,14,0,0,false
288238,2012-08-16T06:15:31Z,http://www.chillingeffects.org/notice.cgi?sID=512226,36303,UNIVERSAL MUSIC GROUP,1847,BPI (British Recorded Music Industry) Ltd,36,0,0,false
2874440,2015-12-04T20:23:10Z,http://lumendatabase.org/notices/11562898,84492,CAPIF_CHILE Member Companies,25570,CAPIF_CHILE,987,0,0,false
408989,2012-10-26T18:07:36Z,http://www.chillingeffects.org/notice.cgi?sID=653952,26209,JEVUSKA,9104,JEVUSKA,0,2,0,false
2161668,2015-04-30T16:24:51Z,http://www.chillingeffects.org/notices/10722448,25370,Anjunadeep,11836,AudioLock.NET,59,1,0,false
3228400,2016-03-13T12:03:37Z,http://lumendatabase.org/notices/11949826,39071,BPI LTD MEMBER COMPANIES,1847,BPI (British Recorded Music Industry) Ltd,893,431,0,false
2959033,2015-12-28T19:01:22Z,http://lumendatabase.org/notices/11654897,25545,Sydney's closet,51966,Counterfeit.Technology,19,0,0,false
858250,2013-11-06T12:31:41Z,http://www.chillingeffects.org/notice.cgi?sID=1287273,40984,RettighedsAlliancen,7801,MUSO.com Anti-piracy,74,1,0,false
935279,2013-12-22T19:55:05Z,http://www.chillingeffects.org/notice.cgi?sID=1383989,39071,BPI LTD MEMBER COMPANIES,1847,BPI (British Recorded Music Industry) Ltd,1337,10,0,false
152066,2012-04-02T23:45:47Z,http://www.chillingeffects.org/notice.cgi?sID=259654,22818,BPI (British Recorded Music Industry) Ltd,1847,BPI (British Recorded Music Industry) Ltd,4,0,0,false
548760,2013-03-30T21:24:05Z,http://www.chillingeffects.org/notice.cgi?sID=869498,35245,"Fast Twitch Publishing, LLC",9072,"Fast Twitch Publishing, LLC",4,0,0,false
3486306,2016-05-23T13:33:57Z,https://lumendatabase.org/notices/12311386,154473,FINA White,11836,AudioLock.NET,17,0,0,false
918242,2013-12-12T11:37:55Z,http://www.chillingeffects.org/notice.cgi?sID=1360642,38453,RADIUS / TWC,321,Web Sheriff,178,24,0,false
2604647,2015-09-16T15:19:27Z,http://www.chillingeffects.org/notices/11209085,29145,American Society of Civil Engineers,13802,Digimarc,25,0,0,false
1962130,2015-02-28T18:27:01Z,http://www.chillingeffects.org/notices/10507555,37181,Zooland Music GmbH,9911,Link-Busters.com,5,0,0,false
1279570,2014-07-01T14:51:16Z,http://www.chillingeffects.org/notice.cgi?sID=1817395,39698,Parlophone,11836,AudioLock.NET,72,0,0,false
3543083,2016-06-09T07:56:42Z,https://lumendatabase.org/notices/12415544,29149,Editis,13802,Digimarc,1,0,0,false
2556480,2015-08-31T16:03:56Z,http://www.chillingeffects.org/notices/11147752,53246,David Hanson,31469,,0,1,0,false
2852999,2015-11-29T03:28:45Z,http://lumendatabase.org/notices/11539413,72060,Penguin UK,13802,Digimarc,13,4,0,false
634233,2013-06-14T20:14:36Z,http://www.chillingeffects.org/notice.cgi?sID=1004504,24233,Defected,11836,AudioLock.NET,33,0,0,false
3595607,2016-06-22T09:12:57Z,https://lumendatabase.org/notices/12501238,172710,FSOE,11836,AudioLock.NET,14,0,0,false
619526,2013-06-03T15:33:17Z,http://www.chillingeffects.org/notice.cgi?sID=983441,23942,Noir Music,11836,AudioLock.NET,2,0,0,false
2297901,2015-06-17T19:26:54Z,http://www.chillingeffects.org/notices/10873317,79381,Taylor & Francis Group,9911,Link-Busters.com,388,27,0,false
2338693,2015-06-30T12:22:54Z,http://www.chillingeffects.org/notices/10918048,84641,Snapper Music plc,11836,AudioLock.NET,1,0,0,false
779031,2013-09-14T08:46:18Z,http://www.chillingeffects.org/notice.cgi?sID=1180549,49535,若松真澄,28133,,35,0,0,false
701301,2013-08-01T09:28:37Z,http://www.chillingeffects.org/notice.cgi?sID=1091808,41997,MÜYAP,14596,MÜYAP,500,0,0,false
3285239,2016-03-31T06:32:24Z,http://lumendatabase.org/notices/12015517,28989,HarperCollins,13802,Digimarc,3,0,0,false
2799262,2015-11-13T16:35:18Z,http://lumendatabase.org/notices/11480387,24233,Defected,11836,AudioLock.NET,80,0,0,false
274347,2012-08-03T18:13:53Z,http://www.chillingeffects.org/notice.cgi?sID=489231,22818,BPI (British Recorded Music Industry) Ltd,1847,BPI (British Recorded Music Industry) Ltd,49,10,0,false
1305443,2014-07-13T14:01:50Z,http://www.chillingeffects.org/notice.cgi?sID=1849658,37204,BSA,13802,Digimarc,8,0,0,false
834130,2013-10-23T16:59:56Z,http://www.chillingeffects.org/notice.cgi?sID=1259375,45911,小室博一,24634,,0,7,0,true
2549422,2015-08-29T13:01:44Z,http://www.chillingeffects.org/notices/11137348,43141,Warner Music Group Germany Holding GmbH,101618,proMedia,25,0,0,false
2112077,2015-04-16T10:46:39Z,http://www.chillingeffects.org/notices/10669560,46996,Who's Afraid Of 138?!,11836,AudioLock.NET,2,0,0,false
3108657,2016-02-11T15:06:53Z,http://lumendatabase.org/notices/11826755,44631,Houndstooth,11836,AudioLock.NET,15,9,0,false
2693721,2015-10-12T15:45:48Z,http://www.chillingeffects.org/notices/11306270,72718,Armada Music Label,11836,AudioLock.NET,249,0,0,false
3089077,2016-02-03T15:44:31Z,http://lumendatabase.org/notices/11793475,38793,Future Classic,11836,AudioLock.NET,27,0,0,false
1902856,2015-02-11T12:52:30Z,http://www.chillingeffects.org/notices/10438877,52833,BMG Rights Management,7801,MUSO.com Anti-piracy,55,0,0,false
759919,2013-09-07T00:05:40Z,http://www.chillingeffects.org/notice.cgi?sID=1165509,36818,VIZ Media LLC,1504,Remove Your Media LLC,4843,619,0,false
2233232,2015-05-25T23:54:07Z,http://www.chillingeffects.org/notices/10803687,83662,Kwaidan records,11836,AudioLock.NET,1,0,0,false
3417642,2016-05-04T18:03:31Z,http://lumendatabase.org/notices/12187460,25716,Warner Bros. Entertainment Inc.,36488,Marketly llc,18,0,0,false
3811078,2016-08-25T08:41:52Z,https://lumendatabase.org/notices/12920110,178654,（株）スタジオジブリ,52975,一般社団法人コンテンツ海外流通促進機構,1,0,0,false
817358,2013-10-12T22:45:23Z,http://www.chillingeffects.org/notice.cgi?sID=1237352,39071,BPI LTD MEMBER COMPANIES,1847,BPI (British Recorded Music Industry) Ltd,847,601,0,false
3558521,2016-06-13T03:33:40Z,https://lumendatabase.org/notices/12437173,37400,IFPI Latin America,16284,IFPI Latin America,0,2394,0,false
1265277,2014-06-24T13:09:12Z,http://www.chillingeffects.org/notice.cgi?sID=1799591,42892,Gutterfunk,11836,AudioLock.NET,1,0,0,false
3437070,2016-05-09T20:18:38Z,http://lumendatabase.org/notices/12212039,53633,Hypercolour,122535,Leak Delete,3,0,0,false
2205509,2015-05-14T13:39:15Z,http://www.chillingeffects.org/notices/10769166,22225,Fox,10070,Fox Group Legal,459,27,0,false
3161244,2016-02-23T09:25:35Z,http://lumendatabase.org/notices/11873509,76958,PJS international SA,34398,Perani Pozzi Associati - Studio Legale,1,0,0,false
2386754,2015-07-15T17:02:05Z,http://www.chillingeffects.org/notices/10970081,83896,클로버이앤아이,121791,케이아이에스미디어,7,3,0,false
2128358,2015-04-22T09:04:51Z,http://www.chillingeffects.org/notices/10690617,76572,Bushqueen Music,11836,AudioLock.NET,4,0,0,false
1954813,2015-02-26T13:31:23Z,http://www.chillingeffects.org/notices/10499369,26083,Ultra Records,11836,AudioLock.NET,66,0,0,false
111588,2012-04-25T08:27:52Z,http://www.chillingeffects.org/notice.cgi?sID=303489,22818,BPI (British Recorded Music Industry) Ltd,1847,BPI (British Recorded Music Industry) Ltd,2,0,0,false
2900566,2015-12-11T17:27:58Z,http://lumendatabase.org/notices/11591002,157390,Altra Moda Music,11836,AudioLock.NET,39,0,0,false
84782,2012-04-10T17:21:58Z,http://www.chillingeffects.org/notice.cgi?sID=276511,22818,BPI (British Recorded Music Industry) Ltd,1847,BPI (British Recorded Music Industry) Ltd,2,0,0,false
1133551,2014-04-15T00:32:10Z,http://www.chillingeffects.org/notice.cgi?sID=1633968,50132,Soul Heaven,11836,AudioLock.NET,6,0,0,false
440803,2012-11-27T14:02:04Z,http://www.chillingeffects.org/notice.cgi?sID=696927,41234,Distribution Select,1940,Police Du Net,3,0,0,false
15060,2012-04-29T10:30:47Z,http://www.chillingeffects.org/notice.cgi?sID=313917,22818,BPI (British Recorded Music Industry) Ltd,1847,BPI (British Recorded Music Industry) Ltd,14,0,0,false
2548025,2015-09-01T12:54:39Z,http://www.chillingeffects.org/notices/11151217,153060,APDIF do Brasil Member Companies,18634,APDIF do Brasil,918,44,0,false
2761127,2015-11-01T15:45:24Z,http://www.chillingeffects.org/notices/11402105,29344,OWSLA,11836,AudioLock.NET,59,0,0,false
1852585,2015-01-31T07:17:27Z,http://www.chillingeffects.org/notices/10392307,71335,Raumzeit Records,43627,Total Wipes Music Group,8,5,0,false
985458,2014-01-23T17:22:30Z,http://www.chillingeffects.org/notice.cgi?sID=1446944,53912,TBA AG  Phonag Records AG,9911,Link-Busters.com,28,0,0,false
704510,2013-08-03T13:04:19Z,http://www.chillingeffects.org/notice.cgi?sID=1095722,34445,audio tonic Records,11836,AudioLock.NET,28,0,0,false
640348,2013-06-18T03:19:20Z,http://www.chillingeffects.org/notice.cgi?sID=1009631,42162,Cadenza,11836,AudioLock.NET,2,0,0,false
2177793,2015-05-06T15:48:05Z,http://www.chillingeffects.org/notices/10742720,78025,"La Femme Boutique, Inc.",51966,Counterfeit.Technology,31,1,0,false
1344809,2014-07-31T03:21:08Z,http://www.chillingeffects.org/notice.cgi?sID=1901071,22596,ISO,31395,Digimarc,4,7,0,false
1829122,2015-01-22T02:33:07Z,http://www.chillingeffects.org/notices/10363746,33100,Sony Music Entertainment,18634,Associação Antipirataria Cinema e Musica,0,189,0,false
512969,2013-02-21T05:02:50Z,http://www.chillingeffects.org/notice.cgi?sID=813091,25224,Microsoft Corporation,34,Marketly,436,10,0,false
2270953,2015-06-08T16:17:58Z,http://www.chillingeffects.org/notices/10843471,24276,Play It Again Sam,11836,AudioLock.NET,4,0,0,false
1133289,2014-04-14T20:17:11Z,http://www.chillingeffects.org/notice.cgi?sID=1633597,44622,Delicacies,11836,AudioLock.NET,2,0,0,false
1137281,2014-04-16T00:39:44Z,http://www.chillingeffects.org/notice.cgi?sID=1636740,37735,Idaho Records,7801,MUSO.com Anti-piracy,150,16,0,false
2398697,2015-07-19T12:27:30Z,http://www.chillingeffects.org/notices/10982157,39071,BPI LTD MEMBER COMPANIES,1847,BPI (British Recorded Music Industry) Ltd,2016,0,0,false
1896831,2015-02-10T10:23:40Z,http://www.chillingeffects.org/notices/10433581,70158,MG Premium Ltd,787,Degban,7194,1040,0,false
3162539,2016-02-23T19:31:39Z,http://lumendatabase.org/notices/11876031,53633,Hypercolour,11836,AudioLock.NET,24,0,0,false
1031457,2014-02-20T00:40:33Z,http://www.chillingeffects.org/notice.cgi?sID=1505603,34873,Entertainment One,7801,MUSO.com Anti-piracy,53,2,0,false
3759688,2016-08-11T13:34:51Z,https://lumendatabase.org/notices/12845546,60253,IHU Records (Armada),11836,AudioLock.NET,3,0,0,false
1838753,2015-01-25T13:14:44Z,http://www.chillingeffects.org/notices/10372106,72718,Armada Music Label,11836,AudioLock.NET,5,0,0,false
971506,2014-01-16T00:54:59Z,http://www.chillingeffects.org/notice.cgi?sID=1430713,26315,Shogun Audio,11836,AudioLock.NET,1,0,0,false
2613646,2015-09-20T08:17:50Z,http://www.chillingeffects.org/notices/11221175,60321,KOLOR,37921,Tracksaur,15,0,0,false
1660489,2014-11-18T08:20:51Z,http://www.chillingeffects.org/notices/10174574,58388,"Promgirl, LLC",47589,"PromGirl, llc",4,6,0,false
3369878,2016-04-22T00:34:08Z,http://lumendatabase.org/notices/12125570,161601,EGC Services,135450,EGC Services,0,13,0,false
3050753,2016-01-24T13:09:03Z,http://lumendatabase.org/notices/11751731,26037,Mullet Records,7801,MUSO.com Anti-piracy,6,5,0,false
3797,2012-05-09T23:00:54Z,http://www.chillingeffects.org/notice.cgi?sID=344707,22818,BPI (British Recorded Music Industry) Ltd,1847,BPI (British Recorded Music Industry) Ltd,1,0,0,false
3629516,2016-07-02T12:33:11Z,https://lumendatabase.org/notices/12572819,22225,Fox,10070,Fox Group Legal,17842,234,0,false
804029,2013-10-06T00:07:23Z,http://www.chillingeffects.org/notice.cgi?sID=1222722,23942,Noir Music,11836,AudioLock.NET,35,0,0,false
446803,2012-12-05T14:02:48Z,http://www.chillingeffects.org/notice.cgi?sID=707257,41997,MÜYAP,14596,MÜYAP,0,1,0,false
2191301,2015-05-11T01:21:10Z,http://www.chillingeffects.org/notices/10756776,35056,Muso c/o Warner Music DE,7801,MUSO.com Anti-piracy,11,2,0,false
1750767,2014-12-18T20:29:03Z,http://www.chillingeffects.org/notices/10266290,68310,ELASTICA,43627,Total Wipes Music Group,5,0,0,false
362817,2012-10-01T11:10:41Z,http://www.chillingeffects.org/notice.cgi?sID=598577,22818,BPI (British Recorded Music Industry) Ltd,1847,BPI (British Recorded Music Industry) Ltd,21,0,0,false
1469736,2014-09-12T08:37:52Z,http://www.chillingeffects.org/notice.cgi?sID=2042417,67314,MVB,28460,Digimarc,34,0,0,false
2150666,2015-04-27T10:45:50Z,http://www.chillingeffects.org/notices/10709199,66301,Lapsus Music,11836,AudioLock.NET,90,1,0,false
2118966,2015-04-19T06:36:42Z,http://www.chillingeffects.org/notices/10679203,31008,Paramount Pictures Corporation,17947,IP-Echelon Pty Ltd,13,1,0,false
335414,2012-09-19T12:46:39Z,http://www.chillingeffects.org/notice.cgi?sID=569057,34469,citel video,11086,LeakID,0,1000,0,false
3789076,2016-08-19T05:31:29Z,https://lumendatabase.org/notices/12887437,178350,320bpm,147224,320bpm,0,27,0,false
3131387,2016-02-15T09:02:45Z,http://lumendatabase.org/notices/11840317,34071,IFPI,41194,IFPI,21,0,0,false
3037567,2016-01-20T17:59:19Z,http://lumendatabase.org/notices/11738007,79592,CANAL+,42234,rivendell,10139,55,0,false
3017168,2016-01-15T00:44:24Z,http://lumendatabase.org/notices/11717321,162297,Mohannad Abuelenen,132184,,0,1,0,false
1007783,2014-02-05T17:04:34Z,http://www.chillingeffects.org/notice.cgi?sID=1473998,29634,Traum Schallplatte,4300,RipBlock Anti Piracy,2,0,0,false
3543048,2016-06-08T18:21:57Z,https://lumendatabase.org/notices/12412716,27654,A State of Trance,11836,AudioLock.NET,30,0,0,false
1767988,2014-12-27T06:07:33Z,http://www.chillingeffects.org/notices/10286446,33096,Toolroom Trax,11836,AudioLock.NET,874,8,0,false
685145,2013-07-21T13:47:24Z,http://www.chillingeffects.org/notice.cgi?sID=1071477,39071,BPI LTD MEMBER COMPANIES,1847,BPI (British Recorded Music Industry) Ltd,550,19,0,false
2180433,2015-05-06T22:03:43Z,http://www.chillingeffects.org/notices/10743634,56054,"Disney Enterprises, Inc.",7667,Walt Disney Company,1143,0,0,false
2721138,2015-10-20T11:55:51Z,http://www.chillingeffects.org/notices/11335074,61372,Southside Recordings,11836,AudioLock.NET,4,0,0,false
3607852,2016-06-26T09:31:07Z,https://lumendatabase.org/notices/12528304,51344,Monotreme Records Ltd.,11836,AudioLock.NET,1,0,0,false
1922337,2015-02-17T14:40:47Z,http://www.chillingeffects.org/notices/10463431,32676,Viacom Media Networks,12924,Vobile Inc,810,277,0,false
537631,2013-03-19T16:48:27Z,http://www.chillingeffects.org/notice.cgi?sID=852556,26705,"RIAA member companies (EMI Music North America, Sony Music Entertainment, Universal Music Group, Warner Music Group and their associated record labels)",1594,"Recording Industry Association of America, Inc.",10899,63,0,false
3714639,2016-07-27T13:09:05Z,https://lumendatabase.org/notices/12727134,49978,Neardusk,11836,AudioLock.NET,10,0,0,false
985404,2014-01-24T15:40:42Z,http://www.chillingeffects.org/notice.cgi?sID=1449026,54022,SONY/ATV,32219,SONY/ATV,0,11,0,false
3112347,2016-02-10T09:29:05Z,http://lumendatabase.org/notices/11820734,164538,Connected,122535,Leak Delete,29,0,0,false
1325858,2014-07-22T15:39:56Z,http://www.chillingeffects.org/notice.cgi?sID=1875627,60840,Sophia Johnson,8237,DMCA Force,8,0,0,false
3444311,2016-05-13T04:08:54Z,http://lumendatabase.org/notices/12234553,75632,Sony Music Entertainment Germany GmbH,66523,proMedia,27,0,0,false
3881853,2016-09-17T12:45:08Z,https://lumendatabase.org/notices/13027657,79257,"Terry Costa, Inc.",51966,Counterfeit.Technology,1518,0,0,false
2432036,2015-07-31T01:13:38Z,http://www.chillingeffects.org/notices/11022954,70101,MG Content RK Limited,787,Degban,271,0,0,false
2095570,2015-04-13T09:15:47Z,http://www.chillingeffects.org/notices/10657219,73004,Solarstone Music Limited,11836,AudioLock.NET,1,0,0,false
2246096,2015-05-30T10:54:24Z,http://www.chillingeffects.org/notices/10815711,62993,OFF Spin,11836,AudioLock.NET,2,0,0,false
2244594,2015-05-30T09:10:25Z,http://www.chillingeffects.org/notices/10815610,78816,Golden Network Asia Limited,7801,MUSO.com Anti-piracy,77,6,0,false
2722679,2015-10-21T22:39:10Z,http://www.chillingeffects.org/notices/11341947,80834,Cumbancha/Exil,121752,proMedia,10,0,0,false
2263030,2015-06-06T01:01:46Z,http://www.chillingeffects.org/notices/10836057,49903,Marie Harte,7801,MUSO.com Anti-piracy,60,0,0,false
1179633,2014-05-07T12:14:01Z,http://www.chillingeffects.org/notice.cgi?sID=1687624,60691,Divo - Meeka Entertainment,11836,AudioLock.NET,3,0,0,false
2220103,2015-05-20T23:58:36Z,http://www.chillingeffects.org/notices/10788116,49228,AEI Music,11836,AudioLock.NET,3,0,0,false
1316319,2014-07-18T18:38:39Z,http://www.chillingeffects.org/notice.cgi?sID=1864681,30877,Discover Records,11836,AudioLock.NET,18,0,0,false
640607,2013-06-20T06:53:04Z,http://www.chillingeffects.org/notice.cgi?sID=1013618,26644,Dm Transfers,7418,DM Transfers,0,1,0,false
1327429,2014-07-22T11:19:44Z,http://www.chillingeffects.org/notice.cgi?sID=1875039,32460,"Informer Technologies, Inc.",26991,"Informer Technologies, Inc.",24,0,0,false
2431690,2015-07-30T16:01:39Z,http://www.chillingeffects.org/notices/11021616,78980,Wah Wah 45s,11836,AudioLock.NET,16,0,0,false
730374,2013-08-20T05:48:21Z,http://www.chillingeffects.org/notice.cgi?sID=1127778,36409,BREIN Participant,11759,Stichting BREIN,339,2,0,false
3021500,2016-01-16T00:50:10Z,http://lumendatabase.org/notices/11721069,161569,"Bask Technology, Inc.",131463,"Bask Technology, Inc.",1,0,0,false
2730353,2015-10-23T22:59:32Z,http://www.chillingeffects.org/notices/11349794,24233,Defected,11836,AudioLock.NET,139,1,0,false
3490422,2016-05-25T11:06:59Z,https://lumendatabase.org/notices/12325965,86163,Roadrunner UK,11836,AudioLock.NET,6,0,0,false
347924,2012-09-26T07:48:56Z,http://www.chillingeffects.org/notice.cgi?sID=583647,25265,Froytal Services Ltd,787,Degban,7,0,0,false
1876450,2015-02-05T12:29:04Z,http://www.chillingeffects.org/notices/10413828,65521,Invisible Recordings,11836,AudioLock.NET,9,0,0,false
1024306,2014-02-15T18:30:10Z,http://www.chillingeffects.org/notice.cgi?sID=1496393,26068,"Home Box Office, Inc.",17947,IP-Echelon Pty Ltd,129,0,0,false
2865213,2015-12-02T13:39:58Z,http://lumendatabase.org/notices/11552617,27909,Membran Media GmbH,7801,MUSO.com Anti-piracy,4,0,0,false
1901168,2015-02-11T13:07:44Z,http://www.chillingeffects.org/notices/10438818,61182,Essential Distribution,7801,MUSO.com Anti-piracy,7,330,0,false
3331931,2016-04-11T09:13:30Z,http://lumendatabase.org/notices/12072103,52848,Majestic Casual under exclusive license to AEI Music,11836,AudioLock.NET,2,0,0,false
3542476,2016-06-08T10:59:19Z,https://lumendatabase.org/notices/12410173,26705,"RIAA member companies (EMI Music North America, Sony Music Entertainment, Universal Music Group, Warner Music Group and their associated record labels)",1594,"Recording Industry Association of America, Inc.",4746,61,0,false
1290298,2014-07-06T23:05:51Z,http://www.chillingeffects.org/notice.cgi?sID=1831107,52340,Velcro City Records,17708,Topple Track,18,0,0,false
2235084,2015-05-25T17:13:49Z,http://www.chillingeffects.org/notices/10803221,54397,8ball Music,9911,Link-Busters.com,7,1,0,false
3401317,2016-04-30T08:50:16Z,http://lumendatabase.org/notices/12166720,163271,Freakin909,11836,AudioLock.NET,9,0,0,false
2096974,2015-04-13T02:18:17Z,http://www.chillingeffects.org/notices/10655866,57284,eDigita,13802,Digimarc,4,0,0,false
586230,2013-05-07T11:10:15Z,http://www.chillingeffects.org/notice.cgi?sID=937688,33495,Revealed Recordings,11836,AudioLock.NET,1,0,0,false
142196,2012-05-15T18:32:25Z,http://www.chillingeffects.org/notice.cgi?sID=353090,40111,Colors Click,188,Colors Click,1,0,0,false
3904199,2016-09-24T10:07:47Z,https://lumendatabase.org/notices/13066324,172340,Fox Pathe Europa,42234,rivendell,1807,45,0,false
2943982,2015-12-23T14:30:12Z,http://lumendatabase.org/notices/11637183,30030,Hachette Livre,13802,Digimarc,1,24,0,false
236950,2012-07-09T00:23:08Z,http://www.chillingeffects.org/notice.cgi?sID=442121,22818,BPI (British Recorded Music Industry) Ltd,1847,BPI (British Recorded Music Industry) Ltd,1,0,0,false
3905577,2016-09-25T10:57:59Z,https://lumendatabase.org/notices/13071312,174694,Daniel Roe,139072,Trader Guard,0,1,0,false
2680323,2015-10-08T23:23:15Z,http://www.chillingeffects.org/notices/11293083,155059,"Viacom, Inc",36488,Marketly llc,26,0,0,false
3362568,2016-04-21T07:15:37Z,http://lumendatabase.org/notices/12121291,22611,"Dreamroom Productions, Inc.",44572,"Skywalker Digital, Ltd.",9893,10,0,false
2835046,2015-11-24T00:34:04Z,http://lumendatabase.org/notices/11518916,38193,SystemTools Software Inc.,8237,DMCA Force,20,0,0,false